{
  "name": "Oregon",
  "keywords": "Oregon, 433Mhz, temperature, humidity, battery, THN132N, THGR228N, MySensors",
  "description": "This sketch provides an example how to implement a humidity/temperature from Oregon sensor.",
  "repository":
  {
    "type": "git",
    "url": "https://github.com/Mickaelh51/Arduino-Oregon-Library.git"
  },
  "authors": 
  [
    {
      "name": "Mickael Hubert",
      "email": "github@winlux.fr",
      "url": "https://github.com/Mickaelh51",
      "maintainer": true
    },
    {
      "name": "Olivier Lebrun"
    },
    {
      "name": "Dominique Pierre"
    }
  ],
  "dependencies":
  {
    "name": "MySensor",
    "authors": "Henrik Ekblad",
    "frameworks": "arduino"
  },
  "frameworks": "arduino",
  "platforms": "atmelavr"
}
